{
	"schemaVersion": 1,
	"id": "recode",
	"version": "1.19.2",
	"name": "Fabric recode",
	"description": "",
	"authors": [
		"fabric"
	],
	"contact": {
		"homepage": "https://fabricmc.net/",
		"sources": "https://github.com/FabricMC/fabric-example-mod"
	},
	"license": "CC0-1.0",
	"icon": "assets/recode/icon.png",
	"environment": "*",
	"entrypoints": {
		"main": [
			"com.example.ExampleMod"
		]
	},
	"mixins": [
		"recode.mixin.json"
	],
	"depends": {
		"fabricloader": "*",
		"minecraft": "*",
		"java": ">=17",
		"fabric-api": "*"
	},
	"custom": {
		"modmenu": {
			"badges": [
				"library"
			]
		}
	}
}